-- Insertar datos en la tabla "COMUNA"
INSERT INTO public."COMUNA" (id, nombre) VALUES
(1, 'Santiago'),
(2, 'Providencia'),
(3, 'Las Condes'),
(4, 'Ñuñoa'),
(5, 'La Florida'),
(6, 'Maipú'),
(7, 'Puente Alto'),
(8, 'La Reina'),
(9, 'Quilicura'),
(10, 'Peñalolén');

-- Insertar datos en la tabla "SUELDO"
INSERT INTO public."SUELDO" (id, monto) VALUES
(1, 2000000),
(2, 800000),
(3, 900000),
(4, 1000000),
(5, 1100000),
(6, 1200000),
(7, 2400000),
(8, 2600000),
(9, 2700000),
(10, 3000000);

-- Insertar datos en la tabla "COLEGIO"
INSERT INTO public."COLEGIO" (id, id_comuna, nombre) VALUES
(1, 1, 'Colegio Santiago'),
(2, 2, 'Colegio Providencia'),
(3, 3, 'Colegio Las Condes'),
(4, 4, 'Colegio Ñuñoa'),
(5, 5, 'Colegio La Florida'),
(6, 6, 'Colegio Maipú'),
(7, 7, 'Colegio Puente Alto'),
(8, 8, 'Colegio La Reina'),
(9, 9, 'Colegio Quilicura'),
(10, 10, 'Colegio Peñalolén');

-- Insertar datos en la tabla "EMPLEADO"
INSERT INTO public."EMPLEADO" (id, id_sueldo, id_colegio, id_comuna, rol) VALUES
(1, 1, 1, 1, 'Director'),
(2, 4, 1, 1, 'Profesor'),
(3, 4, 1, 1, 'Profesor'),
(4, 4, 1, 1, 'Profesor'),
(5, 4, 1, 1, 'Profesor'),
(6, 4, 1, 1, 'Profesor'),
(7, 4, 1, 1, 'Profesor'),
(8, 5, 1, 1, 'Administrativo'),
(9, 10, 2, 2, 'Director'),
(10, 1, 2, 2, 'Profesor'),
(11, 1, 2, 2, 'Profesor'),
(12, 1, 2, 2, 'Profesor'),
(13, 1, 2, 2, 'Profesor'),
(14, 1, 2, 2, 'Profesor'),
(15, 1, 2, 2, 'Profesor'),
(16, 1, 2, 2, 'Profesor'),
(17, 7, 2, 2, 'Administrativo'),
(18, 10, 3, 3, 'Director'),
(19, 7, 3, 3, 'Profesor'),
(20, 7, 3, 3, 'Profesor'),
(21, 7, 3, 3, 'Profesor'),
(22, 7, 3, 3, 'Profesor'),
(23, 7, 3, 3, 'Profesor'),
(24, 7, 3, 3, 'Profesor'),
(25, 7, 3, 3, 'Profesor'),
(26, 9, 3, 3, 'Administrativo'),
(27, 8, 4, 4, 'Director'),
(28, 3, 4, 4, 'Profesor'),
(29, 3, 4, 4, 'Profesor'),
(30, 3, 4, 4, 'Profesor'),
(31, 3, 4, 4, 'Profesor'),
(32, 3, 4, 4, 'Profesor'),
(33, 3, 4, 4, 'Profesor'),
(34, 3, 4, 4, 'Profesor'),
(35, 3, 4, 4, 'Profesor'),
(36, 6, 4, 4, 'Administrativo'),
(37, 8, 5, 5, 'Director'),
(38, 5, 5, 5, 'Profesor'),
(39, 5, 5, 5, 'Profesor'),
(40, 5, 5, 5, 'Profesor'),
(41, 5, 5, 5, 'Profesor'),
(42, 1, 5, 5, 'Administrativo'),
(43, 7, 6, 6, 'Director'),
(44, 5, 6, 6, 'Profesor'),
(45, 5, 6, 6, 'Profesor'),
(46, 5, 6, 6, 'Profesor'),
(47, 5, 6, 6, 'Profesor'),
(48, 6, 6, 6, 'Administrativo'),
(49, 5, 7, 7, 'Director'),
(50, 2, 7, 7, 'Profesor'),
(51, 2, 7, 7, 'Profesor'),
(52, 2, 7, 7, 'Profesor'),
(53, 2, 7, 7, 'Profesor'),
(54, 3, 7, 7, 'Administrativo'),
(55, 10, 8, 8, 'Director'),
(56, 6, 8, 8, 'Profesor'),
(57, 6, 8, 8, 'Profesor'),
(58, 6, 8, 8, 'Profesor'),
(59, 6, 8, 8, 'Profesor'),
(60, 6, 8, 8, 'Profesor'),
(61, 8, 8, 8, 'Administrativo'),
(62, 6, 9, 9, 'Director'),
(63, 2, 9, 9, 'Profesor'),
(64, 2, 9, 9, 'Profesor'),
(65, 2, 9, 9, 'Profesor'),
(66, 2, 9, 9, 'Profesor'),
(67, 3, 9, 9, 'Administrativo'),
(68, 1, 10, 10, 'Director'),
(69, 2, 10, 10, 'Profesor'),
(70, 2, 10, 10, 'Profesor'),
(71, 2, 10, 10, 'Profesor'),
(72, 2, 10, 10, 'Profesor'),
(73, 2, 10, 10, 'Profesor'),
(74, 2, 10, 10, 'Profesor'),
(75, 4, 10, 10, 'Administrativo');

-- Insertar datos en la tabla "PROFESOR"
INSERT INTO public."PROFESOR" (id, id_empleado, nombre) VALUES
(1, 2, 'Catalina Ríos'),
(2, 3, 'Andrés Silva'),
(3, 4, 'Francisca López'),
(4, 5, 'Sergio Ramirez'),
(5, 6, 'Lucia Diaz'),
(6, 7, 'Elena Garcia'),
(7, 10, 'Diego Rodriguez'),
(8, 11, 'Pablo González'),
(9, 12, 'Valentina Rojas'),
(10, 13, 'Fernando Muñoz'),
(11, 14, 'Camila Silva'),
(12, 15, 'Martina Pérez'),
(13, 16, 'Luciano Vargas'),
(14, 19, 'Cristóbal Jara'),
(15, 20, 'Javiera Morales'),
(16, 21, 'Matías Soto'),
(17, 22, 'Isidora Pérez'),
(18, 23, 'Renato Araya'),
(19, 24, 'Álvaro Tapia'),
(20, 25, 'Constanza Gómez'),
(21, 28, 'Raimundo Cabrera'),
(22, 29, 'Emilia Castro'),
(23, 30, 'Enzo Contreras'),
(24, 31, 'Ignacia Vargas'),
(25, 32, 'Gonzalo Álvarez'),
(26, 33, 'Francisca Mardones'),
(27, 34, 'Tomás Miranda'),
(28, 35, 'Antonia Rojas'),
(29, 38, 'Benjamín Araya'),
(30, 39, 'Daniela Sánchez'),
(31, 40, 'Nicolás González'),
(32, 41, 'María Fernández'),
(33, 44, 'Felipe Ruiz'),
(34, 45, 'Alejandra Pizarro'),
(35, 46, 'Sebastián Gutiérrez'),
(36, 47, 'Valeria Molina'),
(37, 50, 'Ricardo Herrera'),
(38, 51, 'Florencia Espinoza'),
(39, 52, 'Diego Salazar'),
(40, 53, 'Constanza Sepúlveda'),
(41, 56, 'Gabriela Morales'),
(42, 57, 'Mauricio Ortiz'),
(43, 58, 'Pedro Pérez'),
(44, 59, 'María González'),
(45, 60, 'Juan Martinez'),
(46, 63, 'Ana Lopez'),
(47, 64, 'Carlos Sanchez'),
(48, 65, 'Laura Fernandez'),
(49, 66, 'Maximiliano Torres'),
(50, 69, 'Ezequiel Sánchez'),
(51, 70, 'Melisa Jáuregui'),
(52, 71, 'Ulises Rodríguez'),
(53, 72, 'Araceli Mendoza'),
(54, 73, 'Lautaro Villalobos'),
(55, 74, 'Delfina Pereyra');


-- Para id_comuna 1 (10 registros)
INSERT INTO public."APODERADO" (id, id_comuna, nombre, asociacion) VALUES
(1, 1, 'Diego Pérez', 'Padre'),
(2, 1, 'Martina Díaz', 'Madre'),
(3, 1, 'Luis Morales', 'Padre'),
(4, 1, 'Camila González', 'Madre'),
(5, 1, 'Joaquín Rojas', 'Otro'),
(6, 1, 'Valentina Martínez', 'Otro'),
(7, 1, 'Matías Silva', 'Otro'),
(8, 1, 'Antonia Sánchez', 'Madre'),
(9, 1, 'Francisco López', 'Padre'),
(10, 1, 'Constanza Vargas', 'Otro'),
(11, 2, 'Pedro Rodríguez', 'Otro'),
(12, 2, 'María Torres', 'Otro'),
(13, 2, 'José González', 'Otro'),
(14, 2, 'Ana Soto', 'Madre'),
(15, 2, 'Carlos Pérez', 'Padre'),
(16, 2, 'Laura Díaz', 'Madre'),
(17, 2, 'Juan Martínez', 'Padre'),
(18, 2, 'Valeria Rojas', 'Madre'),
(19, 2, 'Miguel Fernández', 'Padre'),
(20, 2, 'Sofía Gutiérrez', 'Madre'),
(21, 2, 'Andrés Silva', 'Padre'),
(22, 2, 'Carolina Muñoz', 'Madre'),
(23, 2, 'Gonzalo López', 'Padre'),
(24, 2, 'Daniela González', 'Madre'),
(25, 2, 'José Martínez', 'Padre'),
(26, 3, 'Rodrigo Pérez', 'Padre'),
(27, 3, 'Fernanda Díaz', 'Madre'),
(28, 3, 'Andrés González', 'Otro'),
(29, 3, 'Carla Soto', 'Madre'),
(30, 3, 'Santiago Martínez', 'Padre'),
(31, 3, 'Valentina Torres', 'Madre'),
(32, 3, 'Javier López', 'Otro'),
(33, 3, 'Antonella Muñoz', 'Madre'),
(34, 3, 'Martín Rojas', 'Otro'),
(35, 3, 'Constanza Silva', 'Otro'),
(36, 4, 'Diego Pérez', 'Padre'),
(37, 4, 'Martina Díaz', 'Otro'),
(38, 4, 'Luis Morales', 'Padre'),
(39, 4, 'Camila González', 'Otro'),
(40, 4, 'Joaquín Rojas', 'Padre'),
(41, 4, 'Valentina Martínez', 'Otro'),
(42, 4, 'Matías Silva', 'Padre'),
(43, 4, 'Antonia Sánchez', 'Madre'),
(44, 4, 'Francisco López', 'Otro'),
(45, 4, 'Constanza Vargas', 'Madre'),
(46, 4, 'Pedro Rodríguez', 'Otro'),
(47, 4, 'María Torres', 'Madre'),
(48, 4, 'José González', 'Otro'),
(49, 4, 'Ana Soto', 'Madre'),
(50, 4, 'Carlos Pérez', 'Otro'),
(51, 5, 'Laura Díaz', 'Madre'),
(52, 5, 'Juan Martínez', 'Padre'),
(53, 5, 'Valeria Rojas', 'Madre'),
(54, 5, 'Miguel Fernández', 'Padre'),
(55, 5, 'Sofía Gutiérrez', 'Madre'),
(56, 5, 'Andrés Silva', 'Otro'),
(57, 5, 'Carolina Muñoz', 'Madre'),
(58, 5, 'Gonzalo López', 'Otro'),
(59, 5, 'Daniela González', 'Otro'),
(60, 5, 'José Martínez', 'Otro'),
(61, 5, 'Rodrigo Pérez', 'Otro'),
(62, 5, 'Fernanda Díaz', 'Madre'),
(63, 5, 'Andrés González', 'Padre'),
(64, 5, 'Carla Soto', 'Madre'),
(65, 5, 'Santiago Martínez', 'Padre'),
(66, 5, 'Valentina Torres', 'Otro'),
(67, 5, 'Javier López', 'Padre'),
(68, 5, 'Antonella Muñoz', 'Madre'),
(69, 5, 'Martín Rojas', 'Padre'),
(70, 5, 'Constanza Silva', 'Madre'),
(71, 6, 'Diego Pérez', 'Padre'),
(72, 6, 'Martina Díaz', 'Otro'),
(73, 6, 'Luis Morales', 'Padre'),
(74, 6, 'Camila González', 'Otro'),
(75, 6, 'Joaquín Rojas', 'Otro'),
(76, 6, 'Valentina Martínez', 'Madre'),
(77, 6, 'Matías Silva', 'Padre'),
(78, 6, 'Antonia Sánchez', 'Otro'),
(79, 6, 'Francisco López', 'Padre'),
(80, 6, 'Constanza Vargas', 'Otro'),
(81, 7, 'Pedro Rodríguez', 'Padre'),
(82, 7, 'María Torres', 'Otro'),
(83, 7, 'José González', 'Otro'),
(84, 7, 'Ana Soto', 'Otro'),
(85, 7, 'Carlos Pérez', 'Otro'),
(86, 7, 'Laura Díaz', 'Madre'),
(87, 7, 'Juan Martínez', 'Padre'),
(88, 7, 'Valeria Rojas', 'Madre'),
(89, 7, 'Miguel Fernández', 'Padre'),
(90, 7, 'Sofía Gutiérrez', 'Otro'),
(91, 7, 'Andrés Silva', 'Otro'),
(92, 7, 'Carolina Muñoz', 'Madre'),
(93, 7, 'Gonzalo López', 'Padre'),
(94, 7, 'Daniela González', 'Otro'),
(95, 7, 'José Martínez', 'Otro'),
(96, 7, 'Ana Soto', 'Madre'),
(97, 7, 'Carlos Pérez', 'Padre'),
(98, 7, 'Laura Díaz', 'Madre'),
(99, 7, 'Juan Martínez', 'Otro'),
(100, 7, 'Valeria Rojas', 'Otro'),
(101, 8, 'Diego Pérez', 'Otro'),
(102, 8, 'Martina Díaz', 'Madre'),
(103, 8, 'Luis Morales', 'Padre'),
(104, 8, 'Camila González', 'Otro'),
(105, 8, 'Joaquín Rojas', 'Otro'),
(106, 8, 'Valentina Martínez', 'Otro'),
(107, 8, 'Matías Silva', 'Padre'),
(108, 8, 'Antonia Sánchez', 'Madre'),
(109, 8, 'Francisco López', 'Padre'),
(110, 8, 'Constanza Vargas', 'Madre'),
(111, 8, 'Pedro Rodríguez', 'Padre'),
(112, 8, 'María Torres', 'Madre'),
(113, 8, 'José González', 'Padre'),
(114, 8, 'Ana Soto', 'Otro'),
(115, 9, 'Laura Díaz', 'Otro'),
(116, 9, 'Juan Martínez', 'Padre'),
(117, 9, 'Valeria Rojas', 'Madre'),
(118, 9, 'Miguel Fernández', 'Otro'),
(119, 9, 'Sofía Gutiérrez', 'Madre'),
(120, 9, 'Andrés Silva', 'Otro'),
(121, 9, 'Carolina Muñoz', 'Otro'),
(122, 9, 'Gonzalo López', 'Otro'),
(123, 9, 'Daniela González', 'Otro'),
(124, 9, 'José Martínez', 'Otro'),
(125, 9, 'Rodrigo Pérez', 'Padre'),
(126, 9, 'Fernanda Díaz', 'Madre'),
(127, 9, 'Andrés González', 'Padre'),
(128, 9, 'Carla Soto', 'Madre'),
(129, 9, 'Santiago Martínez', 'Padre'),
(130, 9, 'Valentina Torres', 'Madre'),
(131, 9, 'Javier López', 'Padre'),
(132, 10, 'Diego Pérez', 'Otro'),
(133, 10, 'Martina Díaz', 'Otro'),
(134, 10, 'Luis Morales', 'Otro'),
(135, 10, 'Camila González', 'Otro'),
(136, 10, 'Joaquín Rojas', 'Otro'),
(137, 10, 'Valentina Martínez', 'Otro'),
(138, 10, 'Matías Silva', 'Padre'),
(139, 10, 'Antonia Sánchez', 'Madre'),
(140, 10, 'Francisco López', 'Padre'),
(141, 10, 'Constanza Vargas', 'Madre'),
(142, 10, 'Pedro Rodríguez', 'Padre'),
(143, 10, 'María Torres', 'Madre'),
(144, 10, 'José González', 'Otro'),
(145, 10, 'Ana Soto', 'Otro'),
(146, 10, 'Carlos Pérez', 'Otro'),
(147, 10, 'Laura Díaz', 'Otro');

INSERT INTO public."ALUMNO" (id, id_comuna, id_colegio, id_apoderado, nombre) VALUES
(1, 1,1,1, 'Diego Pérez'),
(2, 1,2,2, 'Martina Díaz'),
(3, 1,3,3, 'Luis Morales'),
(4, 1,4,4, 'Camila González'),
(5, 1,5,5, 'Joaquín Rojas'),
(6, 1,6,6, 'Valentina Martínez'),
(7, 1,7,7, 'Matías Silva'),
(8, 1,8,8, 'Antonia Sánchez'),
(9, 1,9,9, 'Francisco López'),
(10, 1,10,10, 'Constanza Vargas'),
(11, 2,1,11, 'Pedro Rodríguez'),
(12, 2,2,12, 'María Torres'),
(13, 2,3,13, 'José González'),
(14, 2,4,14, 'Ana Soto'),
(15, 2,5,15, 'Carlos Pérez'),
(16, 2,6,16, 'Laura Díaz'),
(17, 2,7,17, 'Juan Martínez'),
(18, 2,8,18, 'Valeria Rojas'),
(19, 2,9,19, 'Miguel Fernández'),
(20, 2,10,20, 'Sofía Gutiérrez'),
(21, 2,1,21, 'Andrés Silva'),
(22, 2,2,22, 'Carolina Muñoz'),
(23, 2,3,23, 'Gonzalo López'),
(24, 2,4,24, 'Daniela González'),
(25, 2,5,25, 'José Martínez'),
(26, 3,6,26, 'Rodrigo Pérez'),
(27, 3,7,27, 'Fernanda Díaz'),
(28, 3,8,28, 'Andrés González'),
(29, 3,9,29, 'Carla Soto'),
(30, 3,10,30, 'Santiago Martínez'),
(31, 3,1,31, 'Valentina Torres'),
(32, 3,2,32, 'Javier López'),
(33, 3,3,33, 'Antonella Muñoz'),
(34, 3,4,34, 'Martín Rojas'),
(35, 3,5,35, 'Constanza Silva'),
(36, 4,6,36, 'Diego Pérez'),
(37, 4,7,37, 'Martina Díaz'),
(38, 4,8,38, 'Luis Morales'),
(39, 4,9,39, 'Camila González'),
(40, 4,10,40, 'Joaquín Rojas'),
(41, 4,1,41, 'Valentina Martínez'),
(42, 4,2,42, 'Matías Silva'),
(43, 4,3,43, 'Antonia Sánchez'),
(44, 4,4,44, 'Francisco López'),
(45, 4,5,45, 'Constanza Vargas'),
(46, 4,6,46, 'Pedro Rodríguez'),
(47, 4,7,47, 'María Torres'),
(48, 4,8,48, 'José González'),
(49, 4,9,49, 'Ana Soto'),
(50, 4,10,50, 'Carlos Pérez'),
(51, 5,1,51, 'Laura Díaz'),
(52, 5,2,52, 'Juan Martínez'),
(53, 5,3,53, 'Valeria Rojas'),
(54, 5,4,54, 'Miguel Fernández'),
(55, 5,5,55, 'Sofía Gutiérrez'),
(56, 5,6,56, 'Andrés Silva'),
(57, 5,7,57, 'Carolina Muñoz'),
(58, 5,8,58, 'Gonzalo López'),
(59, 5,9,59, 'Daniela González'),
(60, 5,10,60, 'José Martínez'),
(61, 5,1,61, 'Rodrigo Pérez'),
(62, 5,2,62, 'Fernanda Díaz'),
(63, 5,3,63, 'Andrés González'),
(64, 5,4,64, 'Carla Soto'),
(65, 5,5,65, 'Santiago Martínez'),
(66, 5,6,66, 'Valentina Torres'),
(67, 5,7,67, 'Javier López'),
(68, 5,8,68, 'Antonella Muñoz'),
(69, 5,9,69, 'Martín Rojas'),
(70, 5,10,70, 'Constanza Silva'),
(71, 6,1,71, 'Diego Pérez'),
(72, 6,2,72, 'Martina Díaz'),
(73, 6,3,73, 'Luis Morales'),
(74, 6,4,74, 'Camila González'),
(75, 6,5,75, 'Joaquín Rojas'),
(76, 6,6,76, 'Valentina Martínez'),
(77, 6,7,77, 'Matías Silva'),
(78, 6,8,78, 'Antonia Sánchez'),
(79, 6,9,79, 'Francisco López'),
(80, 6,10,80, 'Constanza Vargas'),
(81, 7,1,81, 'Pedro Rodríguez'),
(82, 7,2,82, 'María Torres'),
(83, 7,3,83, 'José González'),
(84, 7,4,84, 'Ana Soto'),
(85, 7,5,85, 'Carlos Pérez'),
(86, 7,6,86, 'Laura Díaz'),
(87, 7,7,87, 'Juan Martínez'),
(88, 7,8,88, 'Valeria Rojas'),
(89, 7,9,89, 'Miguel Fernández'),
(90, 7,10,90, 'Sofía Gutiérrez'),
(91, 7,1,91, 'Andrés Silva'),
(92, 7,2,92, 'Carolina Muñoz'),
(93, 7,3,93, 'Gonzalo López'),
(94, 7,4,94, 'Daniela González'),
(95, 7,5,95, 'José Martínez'),
(96, 8,6,96, 'Diego Pérez'),
(97, 8,7,97, 'Martina Díaz'),
(98, 8,8,98, 'Luis Morales'),
(99, 8,9,99, 'Camila González'),
(100, 8,10,100, 'Joaquín Rojas'),
(101, 8,1,101, 'Valentina Martínez'),
(102, 8,2,102, 'Matías Silva'),
(103, 8,3,103, 'Antonia Sánchez'),
(104, 8,4,104, 'Francisco López'),
(105, 8,5,105, 'Constanza Vargas'),
(106, 8,6,106, 'Pedro Rodríguez'),
(107, 8,7,107, 'María Torres'),
(108, 8,8,108, 'José González'),
(109, 8,9,109, 'Ana Soto'),
(110, 8,10,110, 'Carlos Pérez'),
(111, 9,1,111, 'Laura Díaz'),
(112, 9,2,112, 'Juan Martínez'),
(113, 9,3,113, 'Valeria Rojas'),
(114, 9,4,114, 'Miguel Fernández'),
(115, 9,5,115, 'Sofía Gutiérrez'),
(116, 9,6,116, 'Andrés Silva'),
(117, 9,7,117, 'Carolina Muñoz'),
(118, 9,8,118, 'Gonzalo López'),
(119, 9,9,119, 'Daniela González'),
(120, 9,10,120, 'José Martínez'),
(121, 10,1,121, 'Rodrigo Pérez'),
(122, 10,2,122, 'Fernanda Díaz'),
(123, 10,3,123, 'Andrés González'),
(124, 10,4,124, 'Carla Soto'),
(125, 10,5,125, 'Santiago Martínez'),
(126, 10,6,126, 'Valentina Torres'),
(127, 10,7,127, 'Javier López'),
(128, 10,8,128, 'Antonella Muñoz'),
(129, 10,9,129, 'Martín Rojas'),
(130, 10,10,130, 'Constanza Silva'),
(131, 10,1,131, 'Pedro Rodríguez'),
(132, 10,2,132, 'María Torres'),
(133, 10,3,133, 'José González'),
(134, 10,4,134, 'Ana Soto'),
(135, 10,5,135, 'Carlos Pérez'),
(136, 10,6,136, 'Laura Díaz'),
(137, 10,7,137, 'Juan Martínez'),
(138, 10,8,138, 'Valeria Rojas'),
(139, 10,9,139, 'Miguel Fernández'),
(140, 10,10,140, 'Sofía Gutiérrez'),
(141, 10,1,141, 'Andrés Silva'),
(142, 10,2,142, 'Carolina Muñoz'),
(143, 10,3,143, 'Gonzalo López'),
(144, 10,4,144, 'Daniela González'),
(145, 10,5,145, 'José Martínez'),
(146, 10,6,146, 'Rodrigo Pérez'),
(147, 10,7,147, 'Fernanda Díaz');

-- Insertar datos en la tabla "CURSO"
INSERT INTO public."CURSO" (id, codigo_curso) VALUES
(1, '1A'),
(2, '1B'),
(3, '1C'),
(4, '2A'),
(5, '2B'),
(6, '2C'),
(7, '3A'),
(8, '3B'),
(9, '3C'),
(10, '4A'),
(11, '4B'),
(12, '4C');

-- Insertar datos en la tabla "FRANJA_HORARIA"
INSERT INTO public."FRANJA_HORARIA" (id, bloque) VALUES
(1, 1),
(2, 2),
(3, 3),
(4, 4),
(5, 5),
(6, 6);

-- Insertar datos en la tabla "prof_curso"
INSERT INTO public."PROF_CURSO" (id, id_profesor, id_curso, id_bloque, "PROFESOR_JEFE") VALUES
(1, 1, 1, 1, true),
(2, 1, 2, 2, false),
(3, 1, 3, 3, false),
(4, 1, 4, 4, true),
(5, 2, 5, 5, false),
(6, 2, 6, 6, false),
(7, 7, 7, 1, true),
(8, 8, 8, 2, false),
(9, 9, 9, 3, false),
(10, 10, 10, 4, true),
(11, 10, 11, 5, false),
(12, 10, 12, 6, false),
(13, 11, 1, 1, true),
(14, 12, 2, 2, false),
(15, 12, 3, 3, false),
(16, 13, 4, 4, true),
(17, 13, 5, 5, false),
(18, 13, 6, 6, false),
(19, 19, 7, 1, true),
(20, 19, 8, 2, false),
(21, 19, 9, 3, false),
(22, 19, 10, 4, true),
(23, 19, 11, 5, false),
(24, 14, 12, 6, false),
(25, 14, 1, 1, true),
(26, 26, 2, 2, false),
(27, 27, 3, 3, false),
(28, 27, 4, 4, true),
(29, 27, 5, 5, false),
(30, 30, 6, 6, false),
(31, 31, 7, 1, true),
(32, 32, 8, 2, false),
(33, 33, 9, 3, false),
(34, 34, 10, 4, true),
(35, 34, 11, 5, false),
(36, 34, 12, 6, false),
(37, 34, 1, 1, true),
(38, 38, 2, 2, false),
(39, 39, 3, 3, false),
(40, 40, 4, 6, true),
(41, 42, 5, 1, false),
(42, 42, 6, 2, false),
(43, 43, 7, 3, true),
(44, 43, 8, 4, false),
(45, 45, 9, 5, false),
(46, 46, 10, 6, true),
(47, 47, 11, 1, false),
(48, 48, 12, 2, false),
(49, 49, 1, 3, true),
(50, 50, 2, 4, false),
(51, 48, 3, 5, false),
(52, 52, 4, 6, true),
(53, 48, 5, 1, false),
(54, 48, 6, 2, false),
(55, 55, 7, 3, true);

-- Insertar datos en la tabla "plantilla_curso"
INSERT INTO public."PLANTILLA_CURSO" (id, id_curso) VALUES
(1, 1),
(2, 2),
(3, 3),
(4, 4),
(5, 5),
(6, 6),
(7, 7),
(8, 8),
(9, 9),
(10, 10),
(11, 11),
(12, 12);

INSERT INTO public."ALU_CURSO" (id, id_alumno, id_curso, generacion) VALUES
(1, 1, 1, '2016-03-04'),
(2, 2, 2, '2016-03-05'),
(3, 3, 3, '2016-03-05'),
(4, 4, 4, '2017-03-05'),
(5, 5, 5, '2018-03-04'),
(6, 6, 6, '2016-03-05'),
(7, 7, 7, '2016-03-06'),
(8, 8, 8, '2017-03-07'),
(9, 9, 9, '2018-03-10'),
(10, 10, 10, '2017-04-04'),
(11, 11, 11, '2019-04-12'),
(12, 12, 12, '2018-04-14'),
(13, 13, 1, '2016-02-15'),
(14, 14, 2, '2016-02-15'),
(15, 15, 3, '2019-02-16'),
(16, 16, 4, '2019-03-16'),
(17, 17, 5, '2019-03-04'),
(18, 18, 6, '2019-03-10'),
(19, 19, 7, '2019-03-15'),
(20, 20, 8, '2019-03-20'),
(21, 21, 9, '2019-03-25'),
(22, 22, 10, '2019-03-30'),
(23, 23, 11, '2019-04-01'),
(24, 24, 12, '2019-04-05'),
(25, 25, 1, '2019-04-10'),
(26, 26, 2, '2016-04-15'),
(27, 27, 3, '2016-04-20'),
(28, 28, 4, '2018-04-25'),
(29, 29, 5, '2019-04-30'),
(30, 30, 6, '2019-05-01'),
(31, 31, 7, '2016-05-05'),
(32, 32, 8, '2017-05-10'),
(33, 33, 9, '2018-05-15'),
(34, 34, 10, '2019-05-20'),
(35, 35, 11, '2019-05-25'),
(36, 36, 12, '2019-05-30'),
(37, 37, 1, '2019-06-01'),
(38, 38, 2, '2019-06-05'),
(39, 39, 3, '2019-06-10'),
(40, 40, 4, '2019-06-15'),
(41, 41, 5, '2019-06-20'),
(42, 42, 6, '2019-06-25'),
(43, 43, 7, '2017-06-30'),
(44, 44, 8, '2017-07-01'),
(45, 45, 9, '2019-07-05'),
(46, 46, 10, '2018-07-10'),
(47, 47, 11, '2014-07-15'),
(48, 48, 12, '2014-07-20'),
(49, 49, 1, '2015-07-25'),
(50, 50, 2, '2019-07-30'),
(51, 51, 3, '2019-08-01'),
(52, 52, 4, '2019-08-05'),
(53, 53, 5, '2019-08-10'),
(54, 54, 6, '2019-08-15'),
(55, 55, 7, '2019-08-20'),
(56, 56, 8, '2019-08-25'),
(57, 57, 9, '2019-08-30'),
(58, 58, 10, '2019-09-01'),
(59, 59, 11, '2016-09-05'),
(60, 60, 12, '2015-09-10'),
(61, 61, 1, '2019-09-15'),
(62, 62, 2, '2016-09-20'),
(63, 63, 3, '2019-09-25'),
(64, 64, 4, '2019-09-30'),
(65, 65, 5, '2019-10-01'),
(66, 66, 6, '2019-10-05'),
(67, 67, 7, '2019-10-10'),
(68, 68, 8, '2019-10-15'),
(69, 69, 9, '2019-10-20'),
(70, 70, 10, '2016-10-25'),
(71, 71, 11, '2018-10-30'),
(72, 72, 12, '2018-11-01'),
(73, 73, 1, '2016-11-05'),
(74, 74, 2, '2017-11-10'),
(75, 75, 3, '2019-11-15'),
(76, 76, 4, '2019-11-20'),
(77, 77, 5, '2019-11-25'),
(78, 78, 6, '2019-11-30'),
(79, 79, 7, '2019-12-01'),
(80, 80, 8, '2019-12-05'),
(81, 81, 9, '2019-12-10'),
(82, 82, 10, '2019-12-15'),
(83, 83, 11, '2019-12-20'),
(84, 84, 12, '2019-12-25'),
(85, 85, 1, '2019-12-30'),
(86, 86, 2, '2019-01-01'),
(87, 87, 3, '2019-01-05'),
(88, 88, 4, '2019-01-10'),
(89, 89, 5, '2019-01-15'),
(90, 90, 6, '2017-01-20'),
(91, 91, 7, '2017-01-25'),
(92, 92, 8, '2019-01-30'),
(93, 93, 9, '2017-02-01'),
(94, 94, 10, '2019-02-05'),
(95, 95, 11, '2019-02-10'),
(96, 96, 12, '2019-02-15'),
(97, 97, 1, '2019-02-20'),
(98, 98, 2, '2019-02-25'),
(99, 99, 3, '2019-03-01'),
(100, 100, 4, '2019-03-05'),
(101, 101, 5, '2019-03-10'),
(102, 102, 6, '2019-03-15'),
(103, 103, 7, '2019-03-20'),
(104, 104, 8, '2017-03-25'),
(105, 105, 9, '2016-03-30'),
(106, 106, 10, '2019-04-01'),
(107, 107, 11, '2018-04-05'),
(108, 108, 12, '2018-04-10'),
(109, 109, 1, '2016-04-15'),
(110, 110, 2, '2018-04-20'),
(111, 111, 3, '2016-04-25'),
(112, 112, 4, '2017-04-30'),
(113, 113, 5, '2018-05-01'),
(114, 114, 6, '2019-05-05'),
(115, 115, 7, '2019-05-10'),
(116, 116, 8, '2019-05-15'),
(117, 117, 9, '2019-05-20'),
(118, 118, 10, '2019-05-25'),
(119, 119, 11, '2019-05-30'),
(120, 120, 12, '2019-06-01'),
(121, 121, 1, '2019-06-05'),
(122, 122, 2, '2019-06-10'),
(123, 123, 3, '2019-06-15'),
(124, 124, 4, '2019-06-20'),
(125, 125, 5, '2019-06-25'),
(126, 126, 6, '2018-06-30'),
(127, 127, 7, '2017-07-01'),
(128, 128, 8, '2016-07-05'),
(129, 129, 9, '2016-07-10'),
(130, 130, 10, '2016-07-15'),
(131, 131, 11, '2019-07-20'),
(132, 132, 12, '2019-07-25'),
(133, 133, 1, '2019-07-30'),
(134, 134, 2, '2019-08-01'),
(135, 135, 3, '2019-08-05'),
(136, 136, 4, '2019-08-10'),
(137, 137, 5, '2018-08-15'),
(138, 138, 6, '2017-08-20'),
(139, 139, 7, '2016-08-25'),
(140, 140, 8, '2017-08-30'),
(141, 141, 9, '2019-09-01'),
(142, 142, 10, '2016-09-05'),
(143, 143, 11, '2017-09-10'),
(144, 144, 12, '2017-09-15'),
(145, 145, 1, '2017-09-20'),
(146, 146, 2, '2016-09-25'),
(147, 147, 3, '2015-09-30');

-- Insertar datos en la tabla "asistencia"
INSERT INTO public."ASISTENCIA" (id, id_bloque, id_alu_curso, presente, fecha) VALUES
(1, 1, 1, true, '2019-01-02'),
(2, 2, 2, true, '2019-01-05'),
(3, 3, 3, true, '2019-02-06'),
(4, 4, 4, false, '2019-04-05'),
(5, 5, 5, true, '2019-05-05'),
(6, 6, 6, true, '2019-10-10'),
(7, 1, 7, false, '2019-01-15'),
(8, 2, 8, false, '2019-02-20'),
(9, 3, 9, false, '2019-03-25'),
(10, 4, 10, false, '2019-04-30'),
(11, 5, 11, false, '2019-05-10'),
(12, 6, 12, true, '2019-06-15'),
(13, 1, 13, true, '2019-07-20'),
(14, 2, 14, true, '2019-08-25'),
(15, 3, 15, false, '2019-09-30'),
(16, 4, 16, false, '2019-10-05'),
(17, 5, 17, false, '2019-11-10'),
(18, 6, 18, true, '2019-12-15'),
(19, 1, 19, true, '2019-01-25'),
(20, 2, 20, true, '2019-02-28'),
(21, 3, 21, true, '2019-03-05'),
(22, 4, 22, false, '2019-04-10'),
(23, 5, 23, false, '2019-05-15'),
(24, 6, 24, true, '2019-06-20'),
(25, 1, 25, false, '2019-07-25'),
(26, 2, 26, true, '2019-08-30'),
(27, 3, 27, false, '2019-09-05'),
(28, 4, 28, true, '2019-10-10'),
(29, 5, 29, false, '2019-11-15'),
(30, 6, 30, true, '2019-12-20'),
(31, 1, 31, true, '2019-01-30'),
(32, 2, 32, true, '2019-02-05'),
(33, 3, 33, true, '2019-03-10'),
(34, 4, 34, false, '2019-04-15'),
(35, 5, 35, true, '2019-05-20'),
(36, 6, 36, false, '2019-06-25'),
(37, 1, 37, true, '2019-07-30'),
(38, 2, 38, true, '2019-08-05'),
(39, 3, 39, false, '2019-09-10'),
(40, 4, 40, true, '2019-10-15'),
(41, 5, 41, true, '2019-11-20'),
(42, 6, 42, false, '2019-12-25'),
(43, 1, 43, false, '2019-01-12'),
(44, 2, 44, false, '2019-02-19'),
(45, 3, 45, false, '2019-03-26'),
(46, 4, 46, true, '2019-04-02'),
(47, 5, 47, false, '2019-05-09'),
(48, 6, 48, true, '2019-06-16'),
(49, 1, 49, true, '2019-07-23'),
(50, 2, 50, true, '2019-08-30'),
(51, 3, 51, true, '2019-09-06'),
(52, 4, 52, true, '2019-10-13'),
(53, 5, 53, false, '2019-11-20'),
(54, 6, 54, true, '2019-12-27'),
(55, 1, 55, false, '2019-01-03'),
(56, 2, 56, true, '2019-02-08'),
(57, 3, 57, false, '2019-03-15'),
(58, 4, 58, true, '2019-04-22'),
(59, 5, 59, true, '2019-05-27'),
(60, 6, 60, true, '2019-06-03'),
(61, 1, 61, true, '2019-07-10'),
(62, 2, 62, false, '2019-08-17'),
(63, 3, 63, true, '2019-09-24'),
(64, 4, 64, false, '2019-10-31'),
(65, 5, 65, false, '2019-11-07'),
(66, 6, 66, false, '2019-12-14'),
(67, 1, 67, true, '2019-01-21'),
(68, 2, 68, true, '2019-02-28'),
(69, 3, 69, true, '2019-03-07'),
(70, 4, 70, true, '2019-04-14'),
(71, 5, 71, true, '2019-05-21'),
(72, 6, 72, false, '2019-06-28'),
(73, 1, 73, false, '2019-07-05'),
(74, 2, 74, false, '2019-08-12'),
(75, 3, 75, true, '2019-09-19'),
(76, 4, 76, true, '2019-10-26'),
(77, 5, 77, false, '2019-11-02'),
(78, 6, 78, false, '2019-12-09'),
(79, 1, 79, true, '2019-01-16'),
(80, 2, 80, true, '2019-02-23'),
(81, 3, 81, true, '2019-03-30'),
(82, 4, 82, true, '2019-04-06'),
(83, 5, 83, true, '2019-05-13'),
(84, 6, 84, true, '2019-06-20'),
(85, 1, 85, false, '2019-07-27'),
(86, 2, 86, false, '2019-08-03'),
(87, 3, 87, false, '2019-09-10'),
(88, 4, 88, true, '2019-10-17'),
(89, 5, 89, false, '2019-11-24'),
(90, 6, 90, true, '2019-12-31'),
(91, 1, 91, true, '2019-01-08'),
(92, 2, 92, false, '2019-02-15'),
(93, 3, 93, true, '2019-03-22'),
(94, 4, 94, false, '2019-04-29'),
(95, 5, 95, false, '2019-05-06'),
(96, 6, 96, false, '2019-06-13'),
(97, 1, 97, false, '2019-07-20'),
(98, 2, 98, false, '2019-08-27'),
(99, 3, 99, true, '2019-09-03'),
(100, 4, 100, true, '2019-10-10'),
(101, 5, 101, true, '2019-11-17'),
(102, 6, 102, true, '2019-12-24'),
(103, 1, 103, true, '2019-01-01'),
(104, 2, 104, true, '2019-02-08'),
(105, 3, 105, false, '2019-03-15'),
(106, 4, 106, false, '2019-04-22'),
(107, 5, 107, true, '2019-05-29'),
(108, 6, 108, true, '2019-06-05'),
(109, 1, 109, true, '2019-07-12'),
(110, 2, 110, true, '2019-08-19'),
(111, 3, 111, true, '2019-09-26'),
(112, 4, 112, true, '2019-10-03'),
(113, 5, 113, true, '2019-11-10'),
(114, 6, 114, true, '2019-12-17'),
(115, 1, 115, false, '2019-01-24'),
(116, 2, 116, true, '2019-02-01'),
(117, 3, 117, false, '2019-03-08'),
(118, 4, 118, true, '2019-04-15'),
(119, 5, 119, true, '2019-05-22'),
(120, 6, 120, true, '2019-06-29'),
(121, 1, 121, true, '2019-07-06'),
(122, 2, 122, true, '2019-08-13'),
(123, 3, 123, false, '2019-09-20'),
(124, 4, 124, true, '2019-10-27'),
(125, 5, 125, true, '2019-11-03'),
(126, 6, 126, false, '2019-12-10'),
(127, 1, 127, true, '2019-01-17'),
(128, 2, 128, false, '2019-02-24'),
(129, 3, 129, true, '2019-03-31'),
(130, 4, 130, true, '2019-04-07'),
(131, 5, 131, true, '2019-05-14'),
(132, 6, 132, true, '2019-06-21'),
(133, 1, 133, true, '2019-07-28'),
(134, 2, 134, true, '2019-08-04'),
(135, 3, 135, false, '2019-09-11'),
(136, 4, 136, true, '2019-10-18'),
(137, 5, 137, false, '2019-11-25'),
(138, 6, 138, true, '2019-12-02'),
(139, 1, 139, true, '2019-01-09'),
(140, 2, 140, true, '2019-02-16'),
(141, 3, 141, true, '2019-03-23'),
(142, 4, 142, false, '2019-04-30'),
(143, 5, 143, true, '2019-05-07'),
(144, 6, 144, false, '2019-06-14'),
(145, 1, 145, true, '2019-07-21'),
(146, 2, 146, false, '2019-08-28'),
(147, 3, 147, true, '2019-09-04');

